sp1,sp2,sp3,sp4,sp5,sp6,sp7,sp8,sp9
0.04276763874459772,0.027252858218096247,-0.06567163911618325,0.05987626002986365,0.15251676945752582,-0.11994104887549739,0.3033759289892289,0.3945493518433009,-0.470929644977468
