sp1,sp2,sp3,sp4,sp5,sp6,sp7,sp8,sp9
0.498079182334142,0.7739442325829623,0.3092523676114411,0.5962175112458349,0.401067289931715,0.4984108171666928,0.8722217284438236,0.7081425638499369,0.2138257773999071
