Species,Growth Rate
sp1,0.7425275654167764
sp2,0.15550825784879038
sp3,-0.4698704827351804
sp4,0.3982640892239435
