Species,Initial Abundance
sp1,0.1336441873744362
sp2,0.0017211771174232
sp3,0.0868225207667766
sp4,0.0786395882335945
