,sp1,sp2,sp3,sp4
sp1,-0.739348521206685,-0.7436774623251624,-0.8261551535190521,-0.20449760818018134
sp2,0.5652328748920481,-0.28046912597816137,0.092010672778026,-0.5860630123512471
sp3,-0.5148481414460347,0.9996184779787772,-0.45963489204531965,0.6336138034182695
sp4,-0.5734607596442859,0.15740885810734745,0.6081367091355618,-1.059079152721557
