Species,Initial Abundance
sp1,0.0585800305008888
sp2,0.000894579570740461
sp3,0.0293739611981437
sp4,0.0277374957920983