Species,Initial Abundance
sp1,0.0168041526339948
sp2,0.0807516399072483
sp3,0.0384942351374775