,sp1,sp2,sp3,sp4,sp5,sp6,sp7,sp8,sp9
sp1,-0.4,-0.01152823,0.0159804,0.0,0.0,0.0,0.0,0.0,-0.018445738
sp2,0.0,-0.4,0.0,0.0,0.0,0.0,0.0,0.0,-0.004593987
sp3,0.0,-0.01567493,-0.4,-0.012615025,0.0,0.029615058,0.0,0.01008363,0.0
sp4,0.0,0.0,-0.001460799,-0.4,0.007475885,0.008318838,0.0,0.0,0.0
sp5,0.0,0.0,0.0,0.020087797,-0.4,-0.000892434,0.0,0.0,0.018963453
sp6,0.0,0.0,-0.022756335,0.002165931,-0.002468731,-0.4,0.0,0.0,0.0
sp7,0.01522552,0.0,0.0,0.0,0.0,0.0,-0.4,0.02068556,0.0
sp8,-0.01529562,0.0,0.0,0.0,0.0,0.0244479,0.0,-0.4,0.0
sp9,0.0,-0.01959111,0.0,0.023025146,0.027586365,0.0,0.0,0.02227313,-0.4
