Species,Growth rate
sp1,0.1075965026080519
sp2,0.2737419494917956
sp3,0.0844105388803131
sp4,-0.3187366063470983
sp5,0.31016311352372544
sp6,0.26069074718949686
sp7,0.060415583289946846
sp8,0.24351684144758415
sp9,-0.2528089258996972
