Species,Growth Rate
sp1,0.092869188763421
sp2,0.06605594441330084
sp3,0.018295326832007186
sp4,0.08267416529490013
sp5,-0.0346125780994844
sp6,-0.02573032183241558
sp7,0.08198899027394327
sp8,0.17602189878743596
sp9,0.13363938142154483
