Species,Growth Rate
sp1,0.16762613918385277
sp2,-0.17740712804596337
sp3,-0.2256674985135782
sp4,-0.3658463193859023
sp5,0.2616677386121716
sp6,0.1450538581662869
sp7,0.3665366049336621
sp8,0.07846681601176014
sp9,0.047273745024740466
