Species,Initial Abundance
sp1,0.498079182334142
sp2,0.7739442325829623
sp3,0.3092523676114411
sp4,0.5962175112458349
sp5,0.401067289931715
sp6,0.4984108171666928
sp7,0.8722217284438236
sp8,0.7081425638499369
sp9,0.2138257773999071
